data,IPCA,mediadosnucleos,EX3servicos,administrados,servicos,industriais,alimentacaonodomicilio
1999-10-01,10.56952429198978,6.698300993176534,0.5155605964697543,17.27918069615555,1.4324760657911355,13.998560566917021,-1.2814266312566645
1999-11-01,11.184214623734007,6.917534484689324,0.9399627938973936,17.934015506237316,1.9272302544353295,13.463103062815222,1.9706159015025406
1999-12-01,10.330331696443665,6.891447541408181,2.7331471965136984,13.726137066037666,3.265122135232403,11.776036853180358,11.39886956283604
2000-01-01,7.1224123596942235,4.830829243416224,3.105344695697525,10.30477510233571,4.3675913170242495,4.386627185265368,14.255433854858993
2000-02-01,3.5431474632268163,3.740142519257313,2.998276574354165,2.291142477503371,3.393854488836851,3.401591155844514,13.402492193631161
2000-03-01,2.370272792771928,2.5457515403316053,1.1586491354576651,6.4741394062146895,1.7395872515626962,2.7784868683701944,4.996438316452895
2000-04-01,2.492573954615679,2.9300574627304483,0.8863819992179316,5.500151634109841,5.337694493784028,2.9074483117748713,0.7513229238359287
2000-05-01,3.299520173625254,2.841304734693574,0.5099372277817196,7.599972925404458,5.355925360813359,2.6360086841646932,0.2768954510506063
2000-06-01,4.604300131539077,4.019202467017967,1.075892382436308,1.867602288103015,6.203137990397138,5.33339610743397,1.1499808409122636
2000-07-01,8.498956868820585,4.193945317763712,0.05989334606854868,17.02785041351366,0.8777031234059365,6.682273957598667,1.9700347737823876
2000-08-01,13.83538718941611,5.781111971695521,1.6143708371654668,28.283014476333364,1.9745908639834369,8.334210276497146,2.041498844000756
2000-09-01,14.247281883694157,5.7256698431435185,2.187512561347546,31.68283584203516,2.370462300313278,7.22114045900355,2.7956656203141534
2000-10-01,8.520654549896904,4.982786950398889,3.8775176731431458,15.288357366213901,3.594215418928286,5.6237364528997915,2.4814509137358556
2000-11-01,3.3483910617046178,3.591461065314971,2.579121718666215,7.600910319507676,3.25386592358565,3.368684208836825,2.5082495814147308
2000-12-01,2.6731189514653835,2.9427938268654175,2.021619110469274,13.724355319175345,2.727262056284758,2.3986509007814334,-2.434611419076333
2001-01-01,4.10754087692456,2.939388980691143,1.9515041328444624,15.53280561866029,2.3488395648106177,1.9317698368134018,-2.837111062447235
2001-02-01,4.823659042726547,3.6584346758306765,2.3432828703272293,14.012410381883612,2.439581897108283,2.7344699875929876,-1.3160701920199642
2001-03-01,4.5970951902376385,4.046831073472015,2.550715307254052,5.669066388837635,2.8116082310344552,2.7630053911866383,4.360484316823502
2001-04-01,5.500189775535702,4.367333364164622,3.221290116397668,2.8109552348369817,4.7191904116838685,2.2627613383435516,8.479843163445295
2001-05-01,6.61307835871574,4.6786686135721425,4.854499400041618,2.6186839845713195,5.947333115098985,1.9705215251078414,11.185620706968763
2001-06-01,8.53976358849448,6.049822793179246,6.475756418430038,8.1682763960561,7.131393204387052,2.4247980365013717,14.258362384738234
2001-07-01,10.31021381342832,7.466414037378217,7.697591927732944,21.089407649984707,7.891841836287483,4.599707538633638,15.210903175189074
2001-08-01,10.942141958671499,8.203928699715558,6.767261935208808,23.329691395515866,8.251848379181112,6.554615975789972,16.26774929790311
2001-09-01,10.179955722938061,7.712864524788205,6.8225623579734105,21.32960929484382,8.122558158518785,6.232706127440622,12.183409060363331
2001-10-01,9.098771622670725,7.048748186586832,5.529635553634634,14.560298136522448,6.582411502864446,6.581546841400865,8.090332732372502
2001-11-01,8.214588762081206,6.970043041692696,5.677566462702941,11.753851173000967,5.647895164804979,7.043992635818341,9.495059686930091
2001-12-01,7.327953043571995,7.501328047189614,5.036594297048481,8.381348898164859,4.689026690315728,10.866706441076985,9.391109675479356
2002-01-01,5.597801330247918,7.040804994543388,4.2723755438871365,3.6128371256483973,3.2266219640917626,10.174349749638694,9.402833736066057
2002-02-01,4.2766334629360045,6.441230810178359,3.8200515920393343,0.628044745054595,4.1316667509548495,8.750023783559755,3.8708273192243894
2002-03-01,5.3921834709330625,5.7783324607467845,4.066139966391802,4.672146393964709,4.548337257528701,5.5259581951096095,4.550019840675574
2002-04-01,6.9716749135954075,6.039786619686455,4.90763156228158,12.971226335111183,6.091662826318412,5.362833011562927,4.328543841867898
2002-05-01,7.604026540100065,6.05948879428899,5.2339088142246055,16.631345515390734,6.047372614071492,5.471007570682147,2.5304881784197164
2002-06-01,7.77888345001611,5.720776146095815,3.1674712400790526,16.418058496807774,5.434566727890797,5.574671842718914,1.940781728934951
2002-07-01,8.55979616226304,6.310062660145254,3.47992113736602,15.797149447779788,6.032987423218998,6.166157652120006,5.317629158841598
2002-08-01,9.855418085447965,6.844945979518767,4.083402317507506,14.500152950333444,5.555524532330722,6.537154692265986,17.193872402926687
2002-09-01,11.289001851054394,8.426725846609665,6.6342105520695895,11.11583071604403,7.079616064347704,8.647760249886474,25.942344314751793
2002-10-01,13.004722801378136,9.347874989500076,6.202483872548072,8.005110260851822,6.261767704442917,10.93403688848396,33.71801549197485
2002-11-01,23.010240537049455,13.134522417266808,8.250053500544041,25.90275516738714,8.272306847418093,14.329883642929104,44.45108232584485
2002-12-01,26.988658427249064,16.57386954308453,10.936295386989286,30.475233991714163,9.855679693742701,19.932930092775706,49.84859216423078
2003-01-01,30.99160569422088,19.368606726095095,13.070612567897896,43.46434192249953,11.74270702446583,21.996802948846494,46.08331499812863
2003-02-01,23.898793108081918,16.40957758674186,10.097514226297704,36.331598384721474,10.865408581572993,18.55385752150073,32.732097557849784
2003-03-01,20.65054560978635,14.411878370994824,7.511918212218745,34.99649983258561,9.711149032226103,15.205415344516055,26.157111432420947
2003-04-01,15.616775952037301,11.970620806183083,6.175305091796176,22.379065950822124,8.135099659557056,12.888924094510898,23.41058765891424
2003-05-01,12.52375994435944,11.659869818800919,8.585334314843294,13.989872914714184,7.670884156550997,12.406620786691946,20.112484572271953
2003-06-01,8.052101844944247,9.89118489673431,9.115667201438143,5.256733699844958,7.727735978951117,9.353000661151455,15.090781976803285
2003-07-01,3.8702813479440863,8.157051141498822,8.891116025915522,1.0080328331371504,8.014932681898188,6.939520601339183,7.447579755756891
2003-08-01,2.4131100770300264,7.061773090676056,7.293003734923005,0.5996883535759565,8.142507602137243,6.427774343978541,1.0898175157586536
2003-09-01,6.1535316330829914,7.251350956274436,6.29233920739307,12.506780821985686,7.371267563051063,5.517743184414854,-0.24366772778434154
2003-10-01,7.533841280339672,7.371917241627886,6.577476197939362,12.314316170344469,7.478324132797383,4.662796911160385,1.4081765266058568
2003-11-01,6.635816632118491,7.048115370147343,6.389020537502631,9.300476523332406,6.798161869412553,3.8800833258478775,2.0471478313837963
2003-12-01,3.334672593946948,5.980852247812274,6.409768197688592,2.6703268386603725,6.441571047284285,4.194164065670236,1.6523035643894133
2004-01-01,4.400011731147103,6.13154458716725,6.401687939655858,5.178513646112151,6.077507178559287,4.958369472525376,2.9284846348060682
2004-02-01,5.441901575520333,6.2586619789120075,6.2875575048383325,5.849805337939856,7.81836869373538,6.19743650809086,3.053636526437927
2004-03-01,5.939653816583032,7.006326799650478,6.647161880126504,4.347367917848516,8.573050872593996,7.712455135027142,6.415265421862969
2004-04-01,5.147439320643315,7.165647371951044,6.323524884903065,2.6067842225369446,8.462451728142412,9.664001583539346,2.422028405171801
2004-05-01,5.795999180165467,7.566980058363103,6.276422090636416,3.176002211813426,6.530938406420034,11.54236056920908,2.879716909151938
2004-06-01,8.531299623537649,7.714802804009824,5.611706815230775,8.206052065206876,5.892276123578739,11.754875856544999,2.4289815682210474
2004-07-01,10.39013598255778,8.016692172508154,5.941535507013953,12.72479946722676,6.127703240132803,10.962916611990579,7.434825482396846
2004-08-01,11.111554222350378,8.417838078498828,7.1653360012797265,14.681375036333023,7.44493028839544,9.698543801884568,8.322748835963495
2004-09-01,9.03851815685968,7.700905787283449,7.081722004058506,14.040037106704077,7.130603570436307,8.317257051759569,6.218112523221549
2004-10-01,7.663270577836286,7.291395015455885,6.83690075436769,11.709099891079092,7.063232083439885,8.004707994170118,4.375626615165686
2004-11-01,6.713646868481419,6.997912321074085,6.069434898746209,13.229364361765732,5.860868304102723,7.824746003299438,2.8019345738320283
2004-12-01,7.100124686779523,7.222258753669311,6.967459899792573,14.729382399645047,6.839780801833385,6.911847603733932,1.3405494163586553
2005-01-01,6.685544867301758,6.839845186727788,6.767605965131111,12.775202121668826,6.465259938502882,5.78085178620897,3.6636113582861185
2005-02-01,6.129007919699106,6.611306801348147,7.149265920280513,8.3023102387304,8.365019566912508,4.896535410533602,6.454952710293327
2005-03-01,5.98958510126792,6.273057347311687,7.381485231116216,8.20031383714273,8.238473110105787,3.6493336710204005,7.055160249158931
2005-04-01,7.648394072996425,7.178417503398205,7.693268533369519,11.266309846161036,8.760779144360399,5.403374674853097,7.740726141885943
2005-05-01,8.088387803451383,7.235564528053743,6.720806656983797,11.695716967523765,6.846346527174134,6.356213665938398,11.344366155633296
2005-06-01,6.6526943191975505,7.046583828131307,6.024665200745289,5.98463921730945,6.652326626041429,8.062600655003152,10.230294447380246
2005-07-01,4.335858547332478,6.065043758499374,6.453284609031002,2.831902105062653,6.932858764793195,6.825535970628138,6.1710242418104
2005-08-01,3.2634042692519785,5.431105840916868,5.811335747409345,4.433983872511547,6.696857506563973,5.650717012617761,0.12943369167352614
2005-09-01,4.299049589141532,5.310889466773366,5.821130966705155,9.994613623032535,6.921312896186052,4.2250801068072406,-0.052617642695125255
2005-10-01,6.724590685786282,5.415034482156801,5.0860223963910585,15.820888390963873,6.531664934806997,3.1391193955747667,0.681822221076203
2005-11-01,7.413988573540962,5.702132417793399,5.994644326813955,15.861048005164946,7.251848728480752,1.6154044148499906,1.5712211711461919
2005-12-01,5.9574579672594155,4.82381686797836,4.2627874129227905,12.08428604495002,5.423299200928938,1.5687650546446434,1.6705707900587896
2006-01-01,4.354123037706302,5.180993568872242,4.825395637237179,6.748591127392572,6.154264503611387,3.7879997679430346,-0.013826331587679874
2006-02-01,3.5419474681921628,4.955581346558676,4.795008458985393,5.556959767036346,6.035013000007638,5.0961720953373515,-1.3431663365910111
2006-03-01,4.136129217153297,5.532740974547193,5.349960587907049,6.629194047263681,6.91266186638606,7.017693889092953,-1.7610551208575345
2006-04-01,3.2860165137920774,4.152628984111535,5.1584665397157465,6.811268251887597,6.090378570010984,3.19409950959664,-2.7806634674671216
2006-05-01,2.608414207506925,3.311416449004227,5.115226136524356,7.0345218277208375,5.717954129225717,-0.6451078336978782,-3.202021185771571
2006-06-01,1.4561229867341012,2.5147835409147916,5.377435140459767,5.102700082236211,5.475248122224556,-4.523805886223101,-3.20157117644915
2006-07-01,1.5337559521082937,2.811919292938421,4.4070552327708725,3.022919269790279,5.018031463621455,-3.0787616907871183,-1.0118821305794938
2006-08-01,1.919778527594758,2.893335585359952,3.5476661488913948,1.0208032062735555,4.58453166491681,-0.3553714060195432,0.42738560757999267
2006-09-01,3.1762343508153066,3.3267879540493226,3.682237786249658,2.0766636494867043,5.008007630893218,1.7294471937699,1.4596111133192977
2006-10-01,3.770557119765016,3.295778222527903,4.567009853639718,2.8256424074266135,5.794952003763726,0.5947742354401413,2.1125840939556326
2006-11-01,3.9213437861205875,3.3174534451407935,4.621997551584414,2.3940963255773227,5.68753852849153,1.072297108344685,2.955460617421309
2006-12-01,3.9903515708620034,3.415499322462631,4.500112070116799,3.535615543019645,5.084610601015143,1.323566599138374,3.859776830560307
2007-01-01,3.5876134401527224,3.529723939902186,4.152626649634499,3.2684786760675593,4.513072344214635,2.127726445845596,5.114760238396826
2007-02-01,3.795472096567366,3.661511863825703,4.456184448256977,4.261712262339472,4.819859140001029,1.40186366055363,5.800602136233763
2007-03-01,3.3783395250389816,3.6131511525069215,4.771441084480244,1.8933086444256446,5.329811464588147,0.7107248117773253,6.552272004331442
2007-04-01,3.1949686391666603,3.3184180573080084,4.307020211315418,2.7045701852775608,5.069850333273578,0.5613307026303289,6.260660716381452
2007-05-01,2.984927007999545,3.2933578433351784,4.12458059489542,3.5971893682620504,4.968920975372853,1.128740974442195,5.46549037089423
2007-06-01,3.946360322971259,3.5745932540123873,4.146506475473103,3.5013254625298202,5.159627411174,1.8376734981677885,4.903010127963839
2007-07-01,4.350902652432737,3.5749218976682586,3.5868862898923624,0.40808117476164796,4.958525899081167,2.0334350897056197,6.325638496622503
2007-08-01,6.108579531884686,4.509159689632779,4.802774078150534,-0.32356913871264226,5.7877213832234276,2.637762091178004,8.733827886808427
2007-09-01,5.279593732107088,4.58648766849374,5.384571974769031,-0.3897010618734811,5.530027380744059,2.556012915085674,9.036437452067943
2007-10-01,5.270841885237758,5.181656150826799,6.909182170396178,1.8589435486392176,6.255521237816495,2.758807908538799,7.924279194923756
2007-11-01,3.846936194221655,4.847732065957859,7.081194610121727,1.7365025619451018,6.2855694173825185,2.2965741945866256,4.274569105783982
2007-12-01,5.367575286230661,5.143996797403281,7.658091189377103,1.666832109163721,7.217102478414361,3.141482934537734,4.360810627905437
2008-01-01,5.580033352313023,4.989863612743929,7.2570594539876225,1.4076410931050987,7.082637384534024,2.7762318491211033,4.402643252610744
2008-02-01,5.570351709017544,4.787650615498668,6.100445079140357,1.2942751146952247,6.6349219435940086,3.1228565801704207,4.784825516174891
2008-03-01,4.826463790592001,4.783031164730721,5.883969991592892,2.505442857554712,5.94574932281202,2.6916511607895046,8.205730831184539
2008-04-01,4.905524137692211,5.355647308516254,6.719863901538588,2.5110556728494657,6.373973663956292,3.7385949653064188,16.614418024804436
2008-05-01,6.6542168895032745,6.236968206897396,8.780601342798207,2.9678187742246678,7.469151149986118,4.375362193957869,23.58467987567616
2008-06-01,8.589451928317146,6.885907864953817,9.365939470801663,3.072464930621692,8.630126373205954,5.433855249953041,23.528158479681565
2008-07-01,9.821205490667225,7.288052950442969,10.072228164195792,4.95963093997662,9.411625264596424,5.379840892006584,15.341975514693146
2008-08-01,8.788917995565626,7.304770511391186,9.47958611008437,5.726014648841016,9.07061205386195,5.809333124488106,10.045732726251288
2008-09-01,6.313833640993295,7.342898278200255,10.409869179886755,4.978413143791087,9.295769977490693,5.900601712524107,5.126381326732869
2008-10-01,5.425469467596145,6.77748898450289,9.255304953750027,4.0614865911953615,8.672725899132587,5.771795616436748,3.392952499078717
2008-11-01,4.591441632234677,5.954255682203884,8.169645929187112,2.610676437757988,8.18969842486284,4.473261192286145,2.512703449933639
2008-12-01,4.048804771600459,4.790679528588038,6.103281512683068,2.5922535049535327,7.0272528034861494,1.9891892522780665,3.2462081806830128
2009-01-01,3.337870575716593,4.302899390511305,6.280246279698048,3.9608473370477952,6.8564095431898835,-0.7066790472036786,4.146184183922259
2009-02-01,3.5877515106693068,4.675805688312471,7.239249904628025,4.915075463987662,8.331741044563216,-0.8603206177059093,3.9903725327447717
2009-03-01,3.061569855910534,4.7514598725323705,7.118664133539923,4.230588434040044,7.079951883073605,0.6865605629223808,3.0475242446362074
2009-04-01,3.5151603821139474,5.14110204342162,7.1894401620441215,3.272776097295278,7.490658784753151,3.5979133257200857,0.6833200828835402
2009-05-01,3.756450600801003,4.9613551079603155,6.281960401369943,2.9714705712537324,5.9711411851827165,4.5903794908552555,0.6005397297299737
2009-06-01,5.744020603918415,5.3396086566997525,6.564924983381744,4.343981080777581,7.316344921310943,4.209895059013675,1.1678305470595376
2009-07-01,5.85699635291715,5.389228365952261,6.574841069185084,5.0012659040470595,6.689210972660106,3.8943548199209914,2.443994906544191
2009-08-01,5.6969379705435585,5.1572355100414,6.860203603089232,5.143952950676066,6.980983716771917,2.652179097098866,2.9138241087609487
2009-09-01,4.647145181635153,4.953741037915355,6.843786387502291,5.2739886879345335,6.907349355586618,2.8344225247611377,2.88184050947919
2009-10-01,4.065574628095561,4.324656666505314,5.348640941942691,5.015313945034066,6.0331340762859895,3.044186303694403,1.0653649471388889
2009-11-01,3.8906105560731135,4.547913919782493,5.822565682560523,5.208741880795657,5.683797702575319,4.132036776080966,0.7226704461107403
2009-12-01,3.836564352289656,4.384385307297305,5.88512856117822,5.424078958833391,5.428093652735356,4.078216529737773,0.41267552495935433
2010-01-01,4.899054794273951,5.039409208365678,6.918812529783395,6.165011534755635,6.389600773894031,4.245056240713964,2.4573492043691516
2010-02-01,5.9242561140000305,5.0818838547367875,6.213517425494118,6.433563560471526,7.229411905685936,3.973598280341534,3.1181989509743318
2010-03-01,6.35957346571945,5.705818523012479,6.7821013096243945,3.5798135393844603,8.260964807884534,3.617219645594048,3.178381395272467
2010-04-01,5.9990985489900766,5.531968253602765,6.8649970490867815,0.9608784096742937,8.457684407326084,2.5860881969555436,3.4554243723920166
2010-05-01,5.244081978128619,6.210710507927192,8.085821645628272,0.36396837894263,8.406700044180937,2.6804142294052156,2.705510615304263
2010-06-01,4.516030448881494,5.709009761034741,7.853762721271536,2.231490504202398,7.997543453956027,3.2675941616683986,2.5007248849654644
2010-07-01,3.6654395718944954,5.51665922179055,7.6603241134676665,3.6618507077843248,7.597057357310931,3.6842712004245186,2.4026488336857454
2010-08-01,3.11582505137045,4.522578015323395,6.7672511841430065,3.249336507936505,6.870472150705751,2.908282074575382,3.759098659429199
2010-09-01,4.258143509288075,4.761524164493847,6.858727829684426,3.2574871123447053,6.811827267241384,2.4480365862262943,7.976540610158423
2010-10-01,6.380363142106816,5.613322412674395,7.9967991381455334,3.2585560462267154,7.823838753011671,2.7080095318962663,10.527302723685892
2010-11-01,8.43652604821186,6.712076650484997,8.779997764390941,3.7588419685487366,8.500981597834254,4.049757489980692,13.992219182158877
2010-12-01,8.569795172115604,7.39377697769514,10.503541684554847,3.8459322743817665,9.395080114026655,4.602079176235449,13.342743662061011
2011-01-01,7.865155712611482,7.423462030018763,10.561172556892501,5.103644968855093,9.380052637776288,4.578477407093857,12.26613476636642
2011-02-01,7.271412906498668,7.372046128308486,10.540505092413198,5.601118215680117,11.610675969002244,4.500150125544835,8.346532957242985
2011-03-01,7.743611231169183,7.565273299552669,9.497952049833415,8.900838977448444,12.02661850946815,4.789480219136564,6.228556576308122
2011-04-01,7.94307799635186,7.6704288036914505,9.666138828862188,11.161682442862642,11.728838744715688,5.3468916637798,7.027987361080875
2011-05-01,7.3805046466446385,7.5837078244723815,9.825917913616621,11.308252304110013,9.664542939393385,3.219581682826373,8.845388191735907
2011-06-01,6.367969863383564,7.272771051971046,9.76425328352137,6.676411201573302,8.737870550939505,3.3657428988239673,9.610108071300786
2011-07-01,5.528661427707988,6.954981318229372,9.397012919640346,3.2717493864032434,8.83241317185437,3.332074297179787,7.511418629996555
2011-08-01,6.044409267920358,6.866473706843405,8.91621159782028,2.422119376472125,8.620670677507974,5.4451002566570565,6.504122106040057
2011-09-01,6.69662895843004,6.851795213524073,8.940696412742469,5.405216725807094,8.57205593516575,4.971666004535663,4.475690377450377
2011-10-01,6.683467890001182,6.725451637553277,9.234800900845968,6.05146588884557,8.556325737742625,3.6803567956333865,4.992611575604883
2011-11-01,6.030563219901936,6.4584978967623785,9.306795079036533,6.0739876006240365,8.462849445480927,2.594231406955629,7.359315919089269
2011-12-01,5.231238591459459,6.062536482029119,9.112628579744182,4.226607281234379,7.9065917547315365,1.1817130954694193,9.739727368948508
2012-01-01,4.625181575874365,5.8250161516415515,8.909738861770023,2.481509709322168,8.604401611822837,0.42496624226457413,7.658889321058652
2012-02-01,3.8711060633138885,5.5138891604394304,8.893343420260223,2.1507426794904063,8.243309396845106,-0.3250955035261285,5.244821538208129
2012-03-01,2.4732398649781544,4.718684309960264,8.184154772948176,2.0148869050073728,8.377451802178086,-1.2448505379173014,4.551585367159689
2012-04-01,3.464614445558439,5.200023904126212,7.807552722150476,3.319931341517872,8.37318852876541,1.1815433663829253,6.488959294367518
2012-05-01,4.075381289323161,4.96581777725539,6.961599777352717,3.3243214156348557,7.392683224869614,1.9518958634996864,7.409138141029814
2012-06-01,5.292167210316194,5.053184419934678,7.1200492787235845,3.422167664328498,7.643109502820252,-0.4907070383583374,8.553719277703607
2012-07-01,6.144345859311699,5.357774851543326,8.864742487311887,2.8816513366235483,7.9838027835254195,-1.749749980710817,11.187773434690953
2012-08-01,7.075342713755404,6.203590214902422,10.08626350498605,3.610922802587055,9.263694555947794,-0.7596853468442362,12.095446187776389
2012-09-01,8.274722671060218,7.22282518236062,9.922344144185644,4.182956242131368,9.236897047891347,3.726531644623975,15.70920470380645
2012-10-01,7.719174786793005,6.87588483712415,8.19041335356465,4.110976722585207,8.116651846312564,4.02730269796983,17.92779900222203
2012-11-01,7.320035114179689,6.925331557003432,8.083412789987392,4.6946679802636595,9.015861231161537,3.9644383011532227,17.53612762050578
2012-12-01,7.4155362519063175,7.012103437141263,7.789124876263642,5.008320301438545,9.340085272651095,5.353894361462011,12.89221265256468
2013-01-01,7.201595340390384,7.3904749960584635,8.51558112237143,1.4055869789658715,9.531880542137444,7.3379194284798075,10.454222744711373
2013-02-01,6.726690316062019,7.506220414427432,9.707333810381513,-5.21686368551876,8.842902542156722,8.251046368973817,10.760965280243212
2013-03-01,5.713849250137642,7.11540283546415,10.434163972990731,-5.597491933092911,7.384346800511523,7.142679557191428,12.959765088837855
2013-04-01,5.003451092914958,6.718262086902544,10.444417589866646,-1.7260966766612427,7.006571380859455,5.166385347512829,11.903713188104945
2013-05-01,5.033662104333629,6.339500627581307,8.80340836772487,3.3990998674825477,7.3139579211887025,3.5746044340235983,8.199121320934125
2013-06-01,5.431620606867355,6.2612120112660135,9.136526676531815,3.844344657435812,8.886122413836816,2.6108018337318413,2.824883151063773
2013-07-01,5.1218179677134685,6.024588578703165,8.675621986259884,1.479486874448142,9.360107364324222,2.2950034868168103,1.9536233275988053
2013-08-01,5.171266619073506,6.120854927343482,9.029514130080372,2.3693250893779947,9.328912991756624,2.9002328755691735,4.892685144586494
2013-09-01,4.880237850645244,6.380717466784884,8.848714570835597,1.3787971363472735,9.226956062092654,4.283487939903452,9.487943415042182
2013-10-01,6.076271003169168,6.972188383361418,8.862453135749988,2.615624950814336,8.943338201133244,5.7761418904677555,11.532705248900442
2013-11-01,6.309672783475122,6.9512374935036805,8.49819349980909,3.2171834981368477,8.668295986352035,6.409600945571341,11.73502396150272
2013-12-01,7.7080184624963834,7.581375716182924,8.842475893402636,6.964175117736858,9.164690080614562,6.7634079011246655,10.397476013460903
2014-01-01,6.092953678032018,6.844255514190801,7.676407652028658,6.608283391937192,7.525535963340076,6.772237814653749,9.75331446379522
2014-02-01,6.141554377622398,7.114543925153922,8.951568875015269,6.103365057396076,7.532705062255189,6.507357585271791,8.42261807612779
2014-03-01,6.140113757404492,7.239443887347624,9.015977480564203,1.8362477875995182,9.287757944615848,6.398499221958858,8.003458002667415
2014-04-01,8.095725067918181,7.444248847000429,9.808374400933673,4.855794170675651,10.229177788505424,5.330371410051924,7.692728849765331
2014-05-01,8.06908251677956,7.5640334133930285,9.482525631273319,4.618380081542142,9.641154246635068,5.404556877648687,8.920760925214324
2014-06-01,7.431756096167547,7.311175757501519,9.37607187335729,5.717473814490731,9.281639113978528,4.795076620449052,10.450024442936794
2014-07-01,5.626583573806158,6.862205947541637,9.524852493285024,4.447840595367538,7.143438254237907,5.011641159685638,9.65318056262241
2014-08-01,5.306923312235284,6.336329533501091,8.886551765555112,6.2023961564959365,7.988780766363874,3.8648213531212434,7.791143466652855
2014-09-01,5.668719138396057,6.294439284487805,9.065387512712618,6.664601164663679,6.56125835275725,3.8315095528232916,6.7295289717258555
2014-10-01,6.499012878729516,6.6419134487113185,8.26392013823805,6.189452752512864,8.860334405698623,3.377480579283869,5.054470728421691
2014-11-01,6.741672818548025,6.237691575357519,8.171043161742375,6.0257559499260935,7.863503025935174,2.831661119696065,4.416361387934046
2014-12-01,6.398685833133655,5.938149709881091,7.890496316268411,6.992071667377715,7.9580121604841025,2.308166537714328,3.921479396006177
2015-01-01,8.364392024241127,6.555500550679616,9.065204581760582,15.158433305172991,8.836973244894367,2.3203710721889195,4.2827421514483035
2015-02-01,10.769541154932142,7.603614478891467,9.804878843887337,22.965952221359046,8.973707152561474,4.636348178985756,6.613908939024398
2015-03-01,13.321825574401117,8.492783162851003,10.785441389791785,37.23189244266919,8.577786711987471,5.797891245958908,7.928327155893626
2015-04-01,12.694566436119175,8.812408988272074,11.059732626394123,29.840296780255272,8.715304711089374,6.620728665836296,9.605831211942274
2015-05-01,11.387286731030798,8.737727913146278,10.895302063369655,22.675463026728607,8.407777843180966,5.6350431282509845,10.828256899397815
2015-06-01,10.462247785554396,8.577683164261027,9.739646686621711,12.153385858594874,8.759963622782067,6.233818935602557,11.252078468761567
2015-07-01,10.596472229887269,8.53527541276714,9.669078153816528,13.844827239511702,7.847115042743297,6.30118432017828,11.77372348339729
2015-08-01,9.052277540249108,8.163689285535563,9.236046484068964,11.925981122622346,7.963041841124891,6.165403393854987,8.902802957973705
2015-09-01,7.831158222632013,7.78861923317061,9.177224922811348,10.975227240045797,7.272203156253056,5.27085969425454,8.371300422969213
2015-10-01,7.945082391176214,7.705334671190999,8.608154318606182,11.846008362411922,7.8516516825077645,5.34566336754645,9.55071995372225
2015-11-01,10.567273891603548,8.384993353601848,8.299155149072973,14.444116843245652,7.946679488933128,7.11749939505215,11.28985489068522
2015-12-01,11.115087606258228,8.330265652547501,7.716293250709043,13.707905564292815,7.690936745697201,7.437504770586401,12.222055470754128
2016-01-01,11.767216230923921,8.491775700315547,7.700197981347756,14.419345521756057,7.186476222190237,7.708741813636692,11.871903443353787
2016-02-01,10.535178929723827,8.286189946568175,7.265262861237304,11.281628079568733,7.293313402605634,8.117921946722248,12.424074345834256
2016-03-01,8.783212737331311,7.958914631363479,6.885524663291179,6.498162853187111,6.384865945874864,8.717967631236974,12.156220893417085
2016-04-01,7.118347493951859,7.517742088387672,6.64176139487742,3.344618964802109,6.519152967197201,7.181390531466022,11.628738167614387
2016-05-01,7.342608620061952,7.573179821834856,6.91007406151023,6.305271672592255,7.043649516255954,6.190806219697251,10.203009922461732
2016-06-01,7.856822595893576,7.318016823554697,6.753262204590982,8.91504931623976,6.833616287364336,5.047696322821494,8.438204691068592
2016-07-01,8.104521828504446,7.038606388299948,6.477866680106345,4.996933865416182,6.8681109388328,5.9143072272188135,8.180933643756362
2016-08-01,7.3735560588214355,6.61642225293711,5.9930650703697665,2.1673455364408056,7.418804485108183,5.118215870634273,8.247748599069894
2016-09-01,6.17991544335672,5.987058389779998,6.161925597094736,2.62994240777941,7.281830839199415,3.437114745781102,7.4236351353947185
2016-10-01,4.472997297842696,5.29892313947912,5.916907617033118,5.537328915531788,6.834851108964472,1.8764994799300467,5.7404716109736
2016-11-01,2.5588765707941263,4.499629430888504,5.896720126788082,4.504626052573798,5.436591379680621,1.023901381692795,5.081880779538238
2016-12-01,2.217249777638756,4.2110110642190985,5.182590270275185,3.9258445055872357,5.355485102465792,1.7376286414664008,5.552149454606891
2017-01-01,1.841958373749165,3.8657911615045095,3.912192563852841,4.426710801718343,4.474490167565207,2.302558290073108,5.336894914792964
2017-02-01,1.9445035768598729,3.300494944871917,3.0810857582151243,6.1770185019609585,3.921238945379258,1.5528520972935667,4.598608012635339
2017-03-01,1.8562524309049877,3.2806166831589936,3.3495452163145387,6.838141019694845,4.749269630019114,0.13646732359575253,4.025503093017193
2017-04-01,2.2381485422296805,3.333806956523614,3.9410446240904804,2.1988521333193347,5.566792919007895,-0.6471475798081769,4.111304732624916
2017-05-01,2.8916711938655055,3.3362831437389273,3.783546301749638,5.111360420047248,5.711979406491537,-0.7387890910402888,3.8823563923183286
2017-06-01,2.0589063899672198,3.337027673177414,4.153535979183687,0.06010932951814141,5.601102009983251,0.013152647958136754,3.875256294282366
2017-07-01,2.306270971781217,2.9615155295373485,4.287375548172207,6.664641439857704,4.858988288365325,0.38142232067338,3.0488311625222337
2017-08-01,2.3990531304490332,3.081095564587045,4.488576476973577,9.136642505967757,4.4715817064987675,1.1122532732609471,1.308610850345218
2017-09-01,3.968458176765239,3.2231639091402853,3.8372661349988846,14.110637894608274,4.572360773318906,1.9601262305562983,0.2398750577781783
2017-10-01,4.225399395423551,3.5798251408064687,3.4587404606256626,13.39158148469437,4.77513482031668,2.2117423764685213,-0.526004578431241
2017-11-01,3.63764098184312,3.261333977065834,3.0342197200555745,10.570439622789081,4.159570179633846,1.593868870312079,-1.2164258749292998
2017-12-01,3.606949323467518,3.3404088964963963,3.3106465439804964,11.601794981049608,3.122880206429457,1.7748289705946263,0.32992474575756603
2018-01-01,2.7064435044988215,2.354802017724322,1.8081442161160766,7.929779560476447,2.070558355376747,1.719574117383658,0.10304709424680425
2018-02-01,2.5490118759998524,2.228703601116635,2.360140481502569,5.01949754491622,2.525370933122545,1.6281288909902258,0.3884642255173105
2018-03-01,1.6003228523289437,1.756206860208394,2.29071941236289,2.698849553774423,2.460153868813336,1.03199111270753,-2.148026245371142
2018-04-01,1.9157215611203213,2.1650990388098137,3.0322111412244794,5.394215874829882,2.159991790235736,0.8193670593600757,-3.7888166570985504
2018-05-01,3.0885001537153585,2.471418506250882,2.4193168188722893,7.8110512830189975,2.25969964673925,1.0978155868150736,-3.417626997938598
2018-06-01,8.798604637899473,3.283922901701362,2.5984569013808567,19.296727502310617,2.685887527683775,1.8866774410262366,1.3763407256735007
2018-07-01,9.380252143605318,4.137250697788389,3.973630066267745,19.07087213980043,5.205302088501412,1.979509288393615,6.932917006475108
2018-08-01,7.68129689168066,4.109610814996861,3.9771213368097023,15.212451133814724,4.655930361399044,2.048137869365192,9.676409775438401
2018-09-01,4.179694950583212,4.028162925870734,4.000977840824007,8.443326812250234,4.955335431196133,2.3962771433356806,8.028639280275243
2018-10-01,4.160730604509638,3.3261871730746124,2.561648552649814,7.558172083524454,2.698372083574128,3.003565040650244,5.385044291497337
2018-11-01,2.5721127639337027,3.001695640390463,3.7866363251657873,1.5939300611058655,3.6728572149320655,-0.06810223271425286,4.41629318941456
2018-12-01,0.23825355703881712,2.4225685032357718,3.4399381264492774,-4.393940380295845,3.069124789997545,-0.9222093781591383,0.20311367525704327
2019-01-01,-0.055203601614863373,2.8647007161138647,4.913457504162125,-6.096570406009235,4.7219229274423355,-1.8278979188560385,-0.41085963821029736
2019-02-01,2.404200332253353,2.7829169047809614,3.7426968035913006,-0.44096056232689307,2.67795918341929,1.0643737258996708,-0.47588666838940696
2019-03-01,4.831877442064865,3.242803053205441,3.2527012581667663,3.1288563968876986,3.6379587846405883,2.3064776379641216,1.80619315798765
2019-04-01,6.489103476167202,3.7499525420516107,3.170158411626673,7.847829183102448,3.0237905742800137,4.031685465644145,1.3538140398433853
2019-05-01,6.291011356846894,4.165860937381666,3.955422673348778,10.523347263295975,4.620724865657749,3.6522680932408207,0.9147765355405255
2019-06-01,4.37532235679447,3.6924367387097248,3.95551027522923,8.383006689783628,4.375176446438417,2.207037063676154,0.4517049341616399
2019-07-01,2.4550143942476836,2.729193993803378,3.2312233051488732,4.233589535489003,4.631781724715168,0.3466975448260854,-0.059376436087362094
2019-08-01,2.7086164967270747,2.861474731805268,3.244094527457932,3.518491312391035,5.1248222188225725,1.0896906219427933,-0.7102579730591003
2019-09-01,2.184512357499017,2.54633203454174,3.0890589805382405,4.592697659126287,3.597518476560694,1.1299720744569584,-1.650101844876545
2019-10-01,1.1890463528229986,2.4840167835423843,3.0949109357677003,3.156281966002524,2.174107007954106,1.376084163394438,0.3499162774211584
2019-11-01,1.560094584305304,2.53958860602211,2.142512049409646,3.5707731818076525,1.0725502530571447,1.3966926552574108,2.017949447295692
2019-12-01,5.737603431938993,3.2310292161959806,3.991917627225348,6.03042408970083,2.406532578361322,0.9851025595104375,3.7215643538718695
2020-01-01,6.964346776452189,3.3039496087978932,4.209494492307769,9.458732134510228,3.35026733947646,0.5341139957767211,4.179079925668262
2020-02-01,5.674385867244695,2.9253163285672033,4.3913856083584335,4.779861882901713,3.4888514268499193,0.7346106928332006,4.062551186334844
2020-03-01,0.9188280291895694,2.0491080383189315,2.425186194453971,-1.101337422857867,2.01861039031958,0.30384467201230336,5.959875836757234
2020-04-01,-1.0694220764898148,1.359825919771697,1.9866219863483394,-10.81077910167275,2.0364210322713063,-2.3509086247278788,6.2621196874437
2020-05-01,-2.2975701464400373,0.45135671247860787,1.3794963384453212,-14.304892741259934,1.2737732306492973,-3.401882379985693,5.188974116916995
2020-06-01,-0.23246000332747485,0.5647880729180172,1.232883995716577,-8.374635699077231,0.3885212959398672,-1.544927327602835,3.35843850268256
2020-07-01,2.3663979758977547,1.249239033519848,0.7312606699357787,2.9150904817237517,-1.3921745165415302,3.703067978555069,2.472864175253193
2020-08-01,5.1971994775772,1.9718718574277745,1.0990918622031671,12.300219426976057,-1.854186523541074,4.4481170199595965,4.601939231093596
2020-09-01,6.2989526170615875,2.8006190161373894,1.904152991809994,8.375922134189182,-0.3325603828967445,5.465438965887955,8.119886454489759
2020-10-01,7.668026938198807,3.8449032016215483,3.2919867251914354,5.174125434166228,1.7743515698312535,6.128352166571972,9.099115609364048
2020-11-01,9.029368632850577,5.35884977994522,4.724137866229697,2.686251200703566,3.500989938061892,8.872094728001628,12.217700836842312
2020-12-01,11.53600495228504,5.940646472466705,4.773837320437238,12.675491366221948,4.902302711132364,9.033777278736622,11.559865867189913
2021-01-01,9.812348962758733,5.65083858613396,4.852359385322998,11.664529718974109,3.874909998618392,9.102657008735491,12.746213320961772
2021-02-01,9.290062770697617,5.112869489604489,4.213626866501087,18.100247222273794,2.6433633549511057,9.019030759309814,9.728820798632995
2021-03-01,7.097808276094142,4.891720254153467,5.033141568534717,17.24580178120489,1.8089132483067374,9.591853304078526,6.815149110199002
2021-04-01,7.168464921263464,4.765943943468917,3.6361811821663252,19.329173236363403,1.7423436117424984,8.577198616830088,5.146542803439715
2021-05-01,8.648343138372667,5.606867154038591,4.005138873423448,20.16527885891645,2.8510576502102936,10.413959476090781,5.473372557612265
2021-06-01,8.355997875371528,6.216811239289325,3.7449596126416225,13.846534861642155,2.7496683965819244,10.89476669746918,9.332577586185991
2021-07-01,11.295305429940441,7.539198612125412,5.834729509377027,18.213143286522154,4.813780423153261,12.659223445855332,11.639816902697547
2021-08-01,11.888984545816598,8.137209932143367,6.903426877775914,14.630575446378472,6.744581939528487,11.538340208413672,14.040492398361977
2021-09-01,14.150168845099785,9.018924717960084,7.024845896658235,18.974165600609297,8.395129489219968,12.748791683777938,11.604202158154834
2021-10-01,14.597332746016761,10.025822466669556,7.678866821408775,18.927100749025414,9.418481663489487,13.998154457883416,11.772800566033851
2021-11-01,13.399375720252777,9.880303919360239,6.752386157534289,24.41956637285716,6.798109487001568,14.938638819701765,11.578688257468443
2021-12-01,10.94680403971347,9.71828946555271,7.956581326571623,17.78313065044432,6.220875595166419,14.94082196223789,14.890094626831925
2022-01-01,8.866261825582328,9.318841339786989,7.783797757649651,11.524518107766312,4.737083206568997,15.423246959559236,15.821174061922335
2022-02-01,8.355289215194091,9.985587156264875,9.208183182966096,2.5948559833790057,7.409950070712284,14.894975503477554,14.95336181538029
2022-03-01,11.808309737401188,11.117694043990005,9.304801538086906,9.134208560717312,7.873671072448204,15.018223271490271,16.2663098992857
2022-04-01,13.680353385672234,11.794941366923783,9.666521943741799,11.479540425071662,9.019179867389823,14.420904842148857,21.09257546835137
2022-05-01,13.028887392545457,12.256981362877273,9.815924027555184,7.913918476617042,11.158932091757777,14.064996328123172,23.23737719582546
2022-06-01,10.474980485159804,11.994502223132551,11.003520245698155,1.8062435196452071,12.536649266970173,11.777611735825516,20.217114716386163
2022-07-01,3.393418269957877,10.489776697350596,11.412569983296606,-17.59752361029912,12.375393123978057,7.0264828594814475,15.135927673583979
2022-08-01,0.6560207200766683,9.46241569881468,11.261614358588105,-22.99528741718197,9.450319339579224,6.008949876852142,13.685518106847866
2022-09-01,-3.819230359048092,7.671820116044358,9.880722282351101,-28.551771376796125,7.3936132922149795,4.15752151585049,11.17267973291763
2022-10-01,0.4993056173165513,7.254373180688896,8.07756243295114,-12.691277184429055,6.414334295915424,6.5709317960103135,10.053235350333892
2022-11-01,2.309709980936475,6.013044010699031,7.083956995678875,-0.28957633708589015,3.7767655864072225,5.074078730725844,7.729919518790965
2022-12-01,5.698441024777139,5.979329757280792,5.658820819195199,7.8486367855050645,2.7979640024736483,8.002914511758433,8.924167873437511
2023-01-01,6.2931445067243175,5.615429159378476,5.223193684057833,11.361904258196319,3.9638402203839576,5.93757221292384,7.068484468732635
2023-02-01,6.944088181490443,6.1373795835097384,4.897052367098453,10.96181740166378,7.224688713544339,6.287322584455126,5.746230268008105
2023-03-01,6.874738402405953,5.564654093681051,4.610303437214512,15.461030696379012,8.013654488238203,3.5231922421087347,3.5199720529944614
2023-04-01,6.5827445486089005,5.81210689745275,5.433855395484088,14.236889460760409,7.594243455968794,4.0347609482648465,2.9249112208763677
2023-05-01,5.6423727125226435,5.113932958649559,5.248839176188994,13.192764075078983,5.622852799357261,3.133836396156724,3.496107749727571
2023-06-01,3.927058443513758,4.664237765714463,6.779652807177968,6.5005393249611245,6.686633161589683,0.2362305997907015,3.8577501357818704
2023-07-01,2.4877763158478245,3.750643118447994,5.56794319196581,3.945376734392454,4.455890115793366,0.16450638720738198,3.7027455715240336
2023-08-01,3.5503290505865834,3.58596499193782,4.725465748805078,7.596009356113328,4.828199202863971,0.26124131234155357,1.4726709016529753
2023-09-01,4.196737055149271,3.877783398280928,3.7989666433479528,11.398002699571805,4.619032954951848,2.0430372738595537,0.21106032648437179
2023-10-01,4.045599688240742,3.7850798957219807,4.004647210971044,10.82362092185194,5.9973914504329,0.8333096315002848,-0.04776223984663375
2023-11-01,2.943597747868793,3.5882933456745207,4.378707076490727,5.027355952795503,6.656193278711157,-1.0449749834256892,0.04486591694885078
2023-12-01,3.831093798667311,3.4725982399797886,4.245375193879937,3.653444392701232,5.868303867225592,-0.9924911885387075,0.19895691042985675
2024-01-01,5.236139394660697,3.811095558603287,5.220759126726932,5.694081242585497,4.78846073998109,0.23784630894556358,0.12831414053900403
2024-02-01,6.05554517064148,3.8066402581794194,5.277614465376914,8.854930169243275,3.95960781187199,1.570239924857944,1.2031573510533633
2024-03-01,4.268416269735127,3.1532812155492054,5.203919081509383,4.049737255220492,3.068395146450925,1.0340483926746487,1.8972660277284206
2024-04-01,2.9050874139904295,2.7029542919990064,4.2102005812866,4.451847968904545,3.252300003182768,0.1021670563596615,2.9823252609261175
2024-05-01,2.8782028518312757,3.093045347498213,4.6555389790269714,2.7904020674826455,4.796193186248928,0.5998125860508026,3.595036662422217
2024-06-01,4.371527321693719,3.7178540141187795,4.587871371835007,6.392128848157313,4.278477282427474,2.186153250980567,5.400723477865824
2024-07-01,5.662751249396635,4.978456163665737,6.179212377387614,7.220345771185379,5.867710746976229,3.9195459089512923,6.8657815177639065
2024-08-01,4.971728188505281,4.673359598113612,5.9893436845043055,5.925409169889235,5.007997466036414,3.4440466665680134,8.58562440187147
2024-09-01,5.090499963100271,4.889572476677818,5.005498617459807,7.910312352031852,5.917692907978946,3.782041455620927,10.18169007539727
2024-10-01,5.3711436681836915,4.605700502615937,5.887175439517648,7.678594496975833,4.470133534422843,2.973936194919901,10.632178386062407
2024-11-01,5.861446188673597,5.393266178415724,6.973111780278572,3.2625714733211453,5.150431366296246,4.670709074006908,11.663870811537947
2024-12-01,5.848287436671981,5.7484343342087385,8.710943503643549,0.5239646489856966,5.891556350486368,4.765156632610484,11.78181781161716
2025-01-01,4.480385065115925,5.971771870482638,7.613637502810704,-7.027605324347576,8.893260833067103,4.914980049941661,14.11284687616805
2025-02-01,6.658268783627207,5.48237244909167,7.2077087211079345,9.099634533580584,6.2393025947473575,3.91883166472293,17.121287949365694
2025-03-01,6.212707447307864,5.7014350572910555,7.356521323479541,5.993040552657391,7.116019546285244,3.9208593296469445,19.01134503752273
2025-04-01,6.642671647708596,5.438735547204033,7.131617375082328,11.839825344409022,4.829184171258333,4.386760248464313,17.29817698110307
2025-05-01,3.690463705880262,5.094656408795305,6.648119588533945,1.189232977464556,6.456570668813015,3.3363098098221116,13.835411298374666
2025-06-01,4.109783550344929,4.637553406442438,6.194295621441796,6.090186871642089,5.613979684999123,2.5446255362828936,9.906369665167645
2025-07-01,4.311180069635981,4.289050954486501,6.025080231962065,7.354660127398603,5.702642959019784,1.1892251068364743,6.958298282579406
2025-08-01,4.2458228623190735,4.586266695034274,6.157002945021688,3.636294534414347,6.567273617412354,1.6277140337474805,4.6783924699258534
2025-09-01,4.4589003043232935,4.342424419084509,4.89405552593567,7.971022708006686,5.832531931035874,1.8483456199035686,4.479465650539737
2025-10-01,3.3896439923309742,4.0078980467603404,4.548873626870503,5.53653141362436,5.495835078233057,1.9005889168323336,3.5190055333659416
2025-11-01,3.407459033459432,3.8273863376758017,3.9664618967360212,7.843394689242018,4.6479198969930025,1.603493564252929,2.863258715632682
2025-12-01,2.415482865211601,3.8196127110819758,5.0172514380626865,1.4467045546147972,5.457109145995858,1.4743712833762572,1.4527510234050993
2026-01-01,3.5425699352118443,4.0702570278844235,4.527271777757022,5.257718629352496,5.12080893536988,2.869155487271314,-0.032122653036466886
2026-02-01,3.982994675924516,4.370629753582099,5.197211130014566,4.920299906059242,6.3788732929728695,3.4935801590701487,-0.24095316730749516
2026-03-01,5.652976697822922,4.704239576552285,5.121077025715152,6.787013190775923,6.578688330040279,3.871490930545633,-0.6104591823148695
2026-04-01,6.43456908801565,5.083340391472757,5.787725815799945,6.381903536141252,6.668520588996813,3.713615492640912,-0.34201856156266786
2026-05-01,7.289924048265391,5.273512744985439,5.493468402206474,6.950537899024752,6.246794877680188,4.092734199730444,-0.6072637900054616
2026-06-01,6.043575226537399,4.8874884743364415,4.951822061427194,5.951374618241914,5.827535467335835,3.899182784399983,-2.668881307507718
